ref,quantity,category,item,manufacturer_part,nominal_dimensions_mm,unit_price_usd,price_status,required,url,notes
BAT1,1,on_car,Tattu 450mAh 2S 75C long LiPo,TA-75C-450-2S1P-L-XT30,61 x 16 x 15,7.22,Manufacturer page checked 2026-09-05; stock >100,yes,https://www.genstattu.com/tattu-450mah-7-4v-75c-2s1p-lipo-battery-pack-with-xt30-plug-long-size-for-h-frame.html,7.4V nominal / 8.4V full; XT30 main and JST-XH 3-pin balance; nominal28.4g; reserve66x20x19 plus wires; no per-cell protector assumed
U_PWR,1,on_car,Adjustable buck regulator with low-voltage cutoff,Pololu D30V30MALCMA item4872,15.2 x 25.4 x 9,39.95,Manufacturer page checked 2026-09-05; rationed/backorders allowed,yes,https://www.pololu.com/product/4872,Set and verify5.00V output; set6.2V backup cutoff; verify restart; load and thermal validation required
C_BULK,1,on_car,1000uF 10V low-ESR radial electrolytic,Panasonic EEUFR1A102,diameter10 x body16,,Price not verified,yes,https://industrial.panasonic.com/ww/products/pt/aluminum-cap-lead/models/EEUFR1A102,Servo bus capacitor;5mm lead pitch; polarized; add insulated lead clearance
C_LOGIC,1,on_car,100uF 10V radial electrolytic,Select stocked equivalent,measure chosen part,,Price and exact SKU not verified,yes,,Near MCU/camera rail; capacitor values are starting points to verify
C_BYPASS,1,on_car,100nF ceramic 16V or higher,Select stocked through-hole equivalent,measure chosen part,,Price and exact SKU not verified,yes,,Near logic/camera rail
J_BAT,1,on_car,XT30 mating connector with 22AWG or thicker pigtail,AMASS-compatible keyed XT30 mate,measure chosen connector,,Price and exact SKU not verified,yes,,Match metal contact gender to actual pack; inspect polarity; leave battery leads original
F_IN,1,on_car,Inline DC fuse nominal4A plus insulated holder or leaded assembly,Select DC-rated part after inrush test,measure selected part,,Price and exact SKU not verified,yes,,Select adequate DC interrupt rating for LiPo and validate against wire and fuse time-current curves; not servo stall protection
HARNESS,1,on_car,Stranded22AWG supply wire and soldered distribution harness,Hookup wire / heatshrink / strain relief,route to actual chassis,,Price not verified,yes,,"No servo current through ESP32 or solderless breadboard; servo signal wiring may be thinner; includes removable insulated 2-pin J_PWR disconnect for S2 supply, plus servo connectors"
SW_EN,1,on_car,Small SPST switch across regulator EN-GND,Generic low-current signal switch,measure selected part,,Price not verified,optional,,Standby only; unplug XT30 for hardOFF; do not pass motor current through an unrated tiny slide switch
CHG1,1,bench,2S-capable balance charger with low-current setting,SkyRC B6neo SK-100198,70 x 50 x 31,,Price not verified,yes_unless_owned,https://www.skyrc.com/b6neo-series,Original model; choose LiPo2S balance4.20V/cell at0.4A; external tool; digital-power mode useful for cutoff calibration
CHG_ADAPTER,1,bench,XT60 charger-output to XT30 battery adapter,Polarity-checked mating lead,not on car,,Price and exact SKU not verified,yes_unless_owned,,Connect main and balance leads as documented by charger; physical gender must match actual ports
CHG_SUPPLY,1,bench,Compatible USB-C PD supply and cable,12-20V PD support for original B6neo,not on car,,Price and exact SKU not verified,yes_unless_owned,https://www.skyrc.com/b6neo-series,Plain5V USB supply is not sufficient for original model PD input; low-current battery charging does not require maximum80W supply
DMM,1,bench,Digital multimeter with DC voltage and current measurement,User-owned or suitable meter,not on car,,Price not verified,yes_unless_owned,,Needed to calibrate5V output and cutoff and check both cells; start powered tests with current-limited supply
LIPO_BAG,1,bench,LiPo charging and storage bag,Select reputable bag,not on car,,Price not verified,recommended,,Charge removed pack supervised on nonflammable surface; bag is not permission for unattended charging
QP_SENSE,1,on_car,Through-hole P-channel MOSFET battery-sense switch,Diodes BS250P,E-Line TO92-compatible; measure leadformed assembly,1.75,DigiKey checked2026-09-05; stock21254; last-time-buy2027-01-06,yes,https://www.diodes.com/datasheet/download/BS250P.pdf,SourceVBAT_SW drain100k upper-divider gate100k-to-source; NRND; supplierhttps://www.digikey.com/en/products/detail/diodes-incorporated/bs250p/92630
QN_SENSE,1,on_car,Through-hole NPN battery-sense gate driver,onsemi 2N3904BU,TO92-3,,Price not verified,yes,https://www.onsemi.com/download/data-sheet/pdf/2n3904-d.pdf,EmitterGND base10k-fromGPIO7 and100k-toGND collector10k-toPMOSgate; selected pin1E2B3C
R_SENSE_100K,3,on_car,100k ohm1percent axial resistor,Stocked metal-film equivalent,measure selected body,,Price not verified,yes,,Qty3:divider upper R1 / PMOS gate-source pullup / NPN base-ground pulldown
R_SENSE_33K,1,on_car,33k ohm1percent axial resistor,Stocked metal-film equivalent,measure selected body,,Price not verified,yes,,Divider lower R2 toGND; ratio133/33 with100k upper
R_SENSE_10K,2,on_car,10k ohm axial resistor,Stocked metal-film equivalent,measure selected body,,Price not verified,yes,,Qty2:GPIO7-toNPNbase and NPNcollector-toPMOSgate
C_SENSE,1,on_car,100nF ceramic16V or higher,Stocked through-hole equivalent,measure selected body,,Price not verified,yes,,BAT_ADC/GPIO3 toGND; firmware wait20ms afterGPIO7HIGH before reading
PROTO_SENSE,1,on_car,Insulated perfboard for switched sensing and divider,Small cuttable perfboard,allow20 x 25 x 8 assembled provision,,Price and final envelope not verified,yes,,Mechanical envelope provisional; low-current signal circuit only; no customPCB fabrication needed
M_FL_RR,2,on_car,Owned MG90S-style 360 degree continuous servos,Exact owned variant TBD,Nominal 22.8 x 12.2 x 28.5; measure ears/shaft,,Not priced; verify selected seller,owned,https://towerpro.com.tw/product/mg90s-3/,"Official page describes nominal MG90S; does not verify owned 360-degree variant. Retain supplied horns and shaft screws; verify 5 V suitability, current and neutral."
MCU_RX,1,on_car,LOLIN WEMOS S2 mini,ESP32-S2FN4R2 S2 mini V1.0.0,34.3x25.4; decorative height assumed,,Not priced; verify selected seller,owned,https://www.wemos.cc/en/latest/s2/s2_mini.html,Headerless soldered leads recommended; fitted headers require taller packaging. Not C3/S3 mini.
CAM1,1,on_car,Creator-linked analog FPV AIO camera,IDC-681H 25 mW 40CH 600TVL M7,Provisional 20 x 20 x 24 total envelope,,Not priced; verify selected seller,yes_for_FPV,https://robu.in/product/idc-681h-25mw-40ch-vtx-600tvl-m7-fpv-camera/,"Confirm actual dimensions, permitted supply voltage and current; no camera data connection to ESP32 needed; antenna remains attached."
V_RX,1,off_car,Analog 5.8 GHz video receiver,EWRF 5.8 GHz UVC OTG Android AV receiver,Off car,,Not priced; verify selected seller,yes_for_FPV,https://robu.in/product/ewrf-5-8g-uvc-otg-android-av-phone-receiver/,Creator-linked receiver. Check phone OTG/UVC/software compatibility; alternatively use compatible analog 5.8 GHz monitor/goggles. Wi-Fi alone cannot display analog FPV.
MCU_TX,1,controller,Second ESP32 development board,Classic ESP32 DevKit assumed,Off car,,Not priced; verify selected seller,owned_if_available,https://docs.espressif.com/projects/arduino-esp32/en/latest/,"Transmitter sketch targets classic ESP32 pins 32/33 ADC, 27 deadman; use USB power bank."
JOY1,1,controller,Two-axis spring-centered analog joystick,3.3 V potentiometer joystick; exact module TBD,Off car,,Not priced; verify selected seller,yes,,Power at 3.3 V; calibrate endpoints and neutral; do not use 5 V analog signals.
DEADMAN,1,controller,Normally open momentary pushbutton,SPST button to GND,Off car,,Not priced; verify selected seller,yes,,Hold to enable motion; release stops. GPIO27 INPUT_PULLUP.
TX_POWER,1,controller,USB power bank and board-compatible cable,User-owned USB source,Off car,,Not priced; verify selected seller,yes_unless_owned,,Controller power separate from car; no onboard controller pack charger designed.
SERVO_HORNS,2,on_car,Factory servo horns and original shaft screws,Supplied with owned servos,Measure actual horn; model 20 mm disc assumed,,Not priced; verify selected seller,owned,,Never print a servo spline. Wheel radial slots have radius 5 to 11 mm; use at least two opposed attachment points.
HORN_FIX,4,on_car,Wheel-to-horn fasteners,Choose matching factory horn screws or M1.6/M2 bolts + nuts,Measure horn first,,Not priced; verify selected seller,yes,,Nominal wheel web 4.4 mm plus actual horn; choose engagement without case contact. Do not force M2 screws into unverified horn holes.
M2_DECK,4,on_car,Deck mount screws,2 mm x 6 pan head plastic-tapping screws or coupon-verified M2,4 pieces,,Not priced; verify selected seller,yes,,2.5 mm deck leaves 3.5 mm thread; 1.7 mm pilots in posts; print coupon and adjust pilot.
M2_SKID,2,on_car,Skid mount screws,2 mm x 6 pan head plastic-tapping screws or coupon-verified M2,2 pieces,,Not priced; verify selected seller,yes,,"3 mm base leaves 3 mm thread in 4 mm deep, 1.6 mm pilot."
M2_CAM,2,on_car,Camera cradle screws,2 mm x 5 pan head plastic-tapping screws or coupon-verified M2,2 pieces,,Not priced; verify selected seller,yes,,From below 2.5 mm deck nose into 2.5 mm cradle floor. Verify tip does not puncture camera foam.
TIES,12,on_car,Nylon cable ties,Approximately 2.5 mm wide; 100 mm long,Trim after fit,,Not priced; verify selected seller,yes,,"Two per servo, two for battery, auxiliary hardware as needed; avoid crushing battery pouch or exposed PCB components."
FOAM,1,on_car,Thin nonconductive foam and insulation,0.5–1 mm foam plus polyester/Kapton insulation,Trim to fit,,Not priced; verify selected seller,yes,,"Under battery, servos, boards and camera; leave buck cooling and antenna area open."
VELCRO,1,on_car,Camera retention strap,Thin strap through 2.5 mm side windows,Measure chosen strap,,Not priced; verify selected seller,yes,,Use foam to adapt camera envelope. Fit is provisional.
PTFE,1,on_car,Low-friction skid contact tape,Thin PTFE tape,Two 12 mm pads,,Not priced; verify selected seller,recommended,,Smooth-floor prototype; optional rubber wheel bands increase grip but can increase diagonal turning load.
PRINT,1,printed,Eight supplied STLs,PETG or PLA; 0.4 mm nozzle,Base 81 x 100 x 27 mm; see mesh report,,Not priced; verify selected seller,yes,,Includes fit coupon. Print settings and fastener fit in docs/assembly.md. Not physically print-tested.
CALIPER,1,bench,Digital caliper,0.1 mm or better useful resolution,Off car,,Not priced; verify selected seller,yes_unless_owned,,"Needed for actual servo, camera, connector and board height measurements."
